"","Method","OCCC","ICC","ICC_l","ICC_u"
"1","sad_UN",0.275976975495001,0.279873621529653,0.19335339972788,0.397162979515231
"2","sad_estimate_LIN",0.959149844026103,0.959829765608324,0.941468814342631,0.974354802390992
